Data Year,Quarter,COUNTY,Total LDV Sales,ZEV Sales,ZEV Sales Share
2021,Q1,Alameda,14296,2814,0.196838276440962
2021,Q1,Alpine,13,3,0.23076923076923
2021,Q1,Amador,262,8,0.0305343511450381
2021,Q1,Butte,1317,66,0.0501138952164009
2021,Q1,Calaveras,358,21,0.0586592178770949
2021,Q1,Colusa,182,4,0.0219780219780219
2021,Q1,Contra Costa,11319,1670,0.147539535294637
2021,Q1,Del Norte,125,2,0.016
2021,Q1,El Dorado,1683,170,0.101010101010101
2021,Q1,Fresno,7371,394,0.0534527201193867
2021,Q1,Glenn,195,7,0.0358974358974358
2021,Q1,Humboldt,727,50,0.0687757909215956
2021,Q1,Imperial,2228,22,0.00987432675044883
2021,Q1,Inyo,132,6,0.0454545454545454
2021,Q1,Kern,6925,273,0.0394223826714801
2021,Q1,Kings,1149,35,0.0304612706701479
2021,Q1,Lake,323,11,0.0340557275541795
2021,Q1,Lassen,140,1,0.00714285714285714
2021,Q1,Los Angeles,131500,12028,0.091467680608365
2021,Q1,Madera,988,43,0.0435222672064777
2021,Q1,Marin,3096,734,0.237080103359173
2021,Q1,Mariposa,102,6,0.0588235294117647
2021,Q1,Mendocino,534,32,0.0599250936329588
2021,Q1,Merced,1647,68,0.0412871888281724
2021,Q1,Modoc,24,0,0.0
2021,Q1,Mono,94,6,0.0638297872340425
2021,Q1,Monterey,2898,222,0.0766045548654244
2021,Q1,Napa,1225,195,0.159183673469387
2021,Q1,Nevada,718,75,0.104456824512534
2021,Q1,Orange,43125,5881,0.136371014492753
2021,Q1,Out Of State,34901,102,0.00292255236239649
2021,Q1,Placer,4365,472,0.108132875143184
2021,Q1,Plumas,120,0,0.0
2021,Q1,Riverside,26420,1760,0.0666161998485995
2021,Q1,Sacramento,11821,1189,0.100583706962185
2021,Q1,San Benito,521,38,0.072936660268714
2021,Q1,San Bernardino,22064,1344,0.0609137055837563
2021,Q1,San Diego,35288,3886,0.110122421219678
2021,Q1,San Francisco,6952,1459,0.209867663981588
2021,Q1,San Joaquin,6459,455,0.0704443412292924
2021,Q1,San Luis Obispo,2086,264,0.126558005752636
2021,Q1,San Mateo,10734,1566,0.145891559530463
2021,Q1,Santa Barbara,3435,393,0.114410480349344
2021,Q1,Santa Clara,17513,3930,0.224404727916404
2021,Q1,Santa Cruz,2026,305,0.150542941757156
2021,Q1,Shasta,1256,70,0.0557324840764331
2021,Q1,Sierra,16,0,0.0
2021,Q1,Siskiyou,276,3,0.0108695652173913
2021,Q1,Solano,3745,387,0.103337783711615
2021,Q1,Sonoma,4118,545,0.13234579893152
2021,Q1,Stanislaus,3913,182,0.0465116279069767
2021,Q1,Sutter,863,40,0.0463499420625724
2021,Q1,Tehama,353,11,0.0311614730878186
2021,Q1,Trinity,68,1,0.0147058823529411
2021,Q1,Tulare,3240,112,0.0345679012345679
2021,Q1,Tuolumne,345,12,0.0347826086956521
2021,Q1,Ventura,9082,964,0.106144021140717
2021,Q1,Yolo,1570,168,0.107006369426751
2021,Q1,Yuba,480,16,0.0333333333333333
2021,Q2,Alameda,15465,3241,0.209569996766892
2021,Q2,Alpine,9,2,0.222222222222222
2021,Q2,Amador,279,13,0.046594982078853
2021,Q2,Butte,1438,88,0.0611961057023643
2021,Q2,Calaveras,344,16,0.0465116279069767
2021,Q2,Colusa,200,2,0.01
2021,Q2,Contra Costa,12276,2073,0.168866080156402
2021,Q2,Del Norte,127,2,0.0157480314960629
2021,Q2,El Dorado,1757,197,0.112122936824132
2021,Q2,Fresno,8801,583,0.0662424724463129
2021,Q2,Glenn,248,3,0.0120967741935483
2021,Q2,Humboldt,849,64,0.0753828032979976
2021,Q2,Imperial,2619,57,0.0217640320733104
2021,Q2,Inyo,180,11,0.0611111111111111
2021,Q2,Kern,8813,426,0.0483376829683422
2021,Q2,Kings,1316,49,0.0372340425531914
2021,Q2,Lake,398,28,0.0703517587939698
2021,Q2,Lassen,154,1,0.00649350649350649
2021,Q2,Los Angeles,150159,15608,0.103943153590527
2021,Q2,Madera,1176,66,0.0561224489795918
2021,Q2,Marin,3066,761,0.248206131767775
2021,Q2,Mariposa,113,6,0.0530973451327433
2021,Q2,Mendocino,601,54,0.0898502495840266
2021,Q2,Merced,2060,114,0.0553398058252427
2021,Q2,Modoc,51,0,0.0
2021,Q2,Mono,128,9,0.0703125
2021,Q2,Monterey,3572,337,0.0943449048152295
2021,Q2,Napa,1341,198,0.147651006711409
2021,Q2,Nevada,707,89,0.125884016973125
2021,Q2,Orange,48339,7269,0.150375473220381
2021,Q2,Out Of State,23184,404,0.0174258109040717
2021,Q2,Placer,4786,566,0.118261596322607
2021,Q2,Plumas,108,5,0.0462962962962962
2021,Q2,Riverside,31876,2527,0.0792759442841009
2021,Q2,Sacramento,13567,1458,0.107466647011129
2021,Q2,San Benito,686,64,0.0932944606413994
2021,Q2,San Bernardino,27052,1959,0.0724160875351175
2021,Q2,San Diego,41149,4504,0.109455879851272
2021,Q2,San Francisco,7367,1576,0.213926971630242
2021,Q2,San Joaquin,7490,706,0.0942590120160213
2021,Q2,San Luis Obispo,2463,353,0.143321153065367
2021,Q2,San Mateo,13161,1714,0.130233264949471
2021,Q2,Santa Barbara,4002,452,0.112943528235882
2021,Q2,Santa Clara,20421,4974,0.243572792713383
2021,Q2,Santa Cruz,2172,347,0.1597605893186
2021,Q2,Shasta,1477,99,0.0670277589708869
2021,Q2,Sierra,21,0,0.0
2021,Q2,Siskiyou,296,10,0.0337837837837837
2021,Q2,Solano,4458,464,0.104082548227904
2021,Q2,Sonoma,4543,647,0.142416905128769
2021,Q2,Stanislaus,4790,266,0.0555323590814196
2021,Q2,Sutter,907,47,0.051819184123484
2021,Q2,Tehama,477,22,0.0461215932914046
2021,Q2,Trinity,53,0,0.0
2021,Q2,Tulare,4125,146,0.0353939393939393
2021,Q2,Tuolumne,390,24,0.0615384615384615
2021,Q2,Ventura,10749,1191,0.110801004744627
2021,Q2,Yolo,1721,241,0.140034863451481
2021,Q2,Yuba,657,35,0.0532724505327245
2021,Q3,Alameda,13725,3288,0.239562841530054
2021,Q3,Alpine,37,4,0.108108108108108
2021,Q3,Amador,247,17,0.068825910931174
2021,Q3,Butte,1262,93,0.0736925515055467
2021,Q3,Calaveras,372,26,0.0698924731182795
2021,Q3,Colusa,142,2,0.0140845070422535
2021,Q3,Contra Costa,10967,2105,0.191939454727819
2021,Q3,Del Norte,91,2,0.0219780219780219
2021,Q3,El Dorado,1647,202,0.122647237401335
2021,Q3,Fresno,7496,557,0.0743062966915688
2021,Q3,Glenn,196,5,0.0255102040816326
2021,Q3,Humboldt,664,55,0.0828313253012048
2021,Q3,Imperial,2335,66,0.0282655246252676
2021,Q3,Inyo,139,7,0.0503597122302158
2021,Q3,Kern,7603,405,0.0532684466657898
2021,Q3,Kings,1154,48,0.0415944540727903
2021,Q3,Lake,281,18,0.0640569395017793
2021,Q3,Lassen,134,1,0.00746268656716417
2021,Q3,Los Angeles,115717,15049,0.130050035863356
2021,Q3,Madera,977,53,0.0542476970317297
2021,Q3,Marin,2873,789,0.274625826662025
2021,Q3,Mariposa,104,9,0.0865384615384615
2021,Q3,Mendocino,507,42,0.0828402366863905
2021,Q3,Merced,1749,106,0.0606060606060606
2021,Q3,Modoc,39,0,0.0
2021,Q3,Mono,104,3,0.0288461538461538
2021,Q3,Monterey,3048,328,0.10761154855643
2021,Q3,Napa,1212,201,0.165841584158415
2021,Q3,Nevada,661,82,0.124054462934947
2021,Q3,Orange,40522,7030,0.173486007600809
2021,Q3,Out Of State,18586,937,0.0504142903260518
2021,Q3,Placer,4149,660,0.159074475777295
2021,Q3,Plumas,103,7,0.0679611650485436
2021,Q3,Riverside,27074,2767,0.102201374011967
2021,Q3,Sacramento,11784,1350,0.114562118126272
2021,Q3,San Benito,653,88,0.134762633996937
2021,Q3,San Bernardino,22794,1995,0.0875230323769413
2021,Q3,San Diego,35092,5355,0.152598882936281
2021,Q3,San Francisco,6586,1478,0.224415426662617
2021,Q3,San Joaquin,6586,703,0.106741573033707
2021,Q3,San Luis Obispo,2021,294,0.145472538347352
2021,Q3,San Mateo,8341,1693,0.202973264596571
2021,Q3,Santa Barbara,3447,440,0.127647229474905
2021,Q3,Santa Clara,18833,4797,0.254712472787129
2021,Q3,Santa Cruz,1789,314,0.175517048630519
2021,Q3,Shasta,1229,87,0.0707892595606183
2021,Q3,Sierra,14,1,0.0714285714285714
2021,Q3,Siskiyou,228,8,0.0350877192982456
2021,Q3,Solano,3919,487,0.124266394488389
2021,Q3,Sonoma,3966,603,0.152042360060514
2021,Q3,Stanislaus,4003,317,0.0791906070447164
2021,Q3,Sutter,810,53,0.0654320987654321
2021,Q3,Tehama,336,11,0.0327380952380952
2021,Q3,Trinity,57,3,0.0526315789473684
2021,Q3,Tulare,3356,145,0.0432061978545888
2021,Q3,Tuolumne,338,22,0.0650887573964497
2021,Q3,Ventura,8645,1200,0.138808559861191
2021,Q3,Yolo,1567,197,0.125717932354818
2021,Q3,Yuba,537,21,0.0391061452513966
2021,Q4,Alameda,11509,3350,0.291076548787905
2021,Q4,Alpine,9,0,0.0
2021,Q4,Amador,213,22,0.103286384976525
2021,Q4,Butte,1000,70,0.07
2021,Q4,Calaveras,306,20,0.065359477124183
2021,Q4,Colusa,144,8,0.0555555555555555
2021,Q4,Contra Costa,9401,2150,0.228699074566535
2021,Q4,Del Norte,95,6,0.0631578947368421
2021,Q4,El Dorado,1492,223,0.149463806970509
2021,Q4,Fresno,5886,559,0.0949711179068977
2021,Q4,Glenn,132,9,0.0681818181818181
2021,Q4,Humboldt,544,60,0.110294117647058
2021,Q4,Imperial,1882,48,0.0255047821466524
2021,Q4,Inyo,139,7,0.0503597122302158
2021,Q4,Kern,5975,403,0.0674476987447698
2021,Q4,Kings,872,57,0.0653669724770642
2021,Q4,Lake,249,16,0.0642570281124498
2021,Q4,Lassen,137,1,0.0072992700729927
2021,Q4,Los Angeles,95333,15921,0.167004080433847
2021,Q4,Madera,828,83,0.100241545893719
2021,Q4,Marin,2572,830,0.322706065318818
2021,Q4,Mariposa,52,3,0.0576923076923076
2021,Q4,Mendocino,427,39,0.0913348946135831
2021,Q4,Merced,1462,100,0.0683994528043775
2021,Q4,Modoc,30,2,0.0666666666666666
2021,Q4,Mono,90,11,0.122222222222222
2021,Q4,Monterey,2508,320,0.127591706539074
2021,Q4,Napa,992,196,0.19758064516129
2021,Q4,Nevada,606,82,0.135313531353135
2021,Q4,Orange,35701,7503,0.210162180331083
2021,Q4,Out Of State,15018,760,0.0506059395392196
2021,Q4,Placer,3718,681,0.183162990855298
2021,Q4,Plumas,108,13,0.12037037037037
2021,Q4,Riverside,22776,2782,0.122146118721461
2021,Q4,Sacramento,9917,1494,0.150650398305939
2021,Q4,San Benito,537,66,0.12290502793296
2021,Q4,San Bernardino,18829,2057,0.109246375272186
2021,Q4,San Diego,29829,5158,0.172918971470716
2021,Q4,San Francisco,5616,1546,0.2752849002849
2021,Q4,San Joaquin,5725,761,0.132925764192139
2021,Q4,San Luis Obispo,1795,277,0.154317548746518
2021,Q4,San Mateo,8219,2032,0.247232023360506
2021,Q4,Santa Barbara,3132,457,0.145913154533844
2021,Q4,Santa Clara,16393,5443,0.332031964863051
2021,Q4,Santa Cruz,1543,332,0.215165262475696
2021,Q4,Shasta,1086,82,0.0755064456721915
2021,Q4,Sierra,14,0,0.0
2021,Q4,Siskiyou,231,11,0.0476190476190476
2021,Q4,Solano,3266,500,0.153092467850581
2021,Q4,Sonoma,3379,560,0.165729505770938
2021,Q4,Stanislaus,3213,282,0.0877684407096171
2021,Q4,Sutter,640,61,0.0953125
2021,Q4,Tehama,266,16,0.0601503759398496
2021,Q4,Trinity,51,2,0.0392156862745098
2021,Q4,Tulare,2796,130,0.0464949928469241
2021,Q4,Tuolumne,323,26,0.0804953560371517
2021,Q4,Ventura,7387,1347,0.182347366996074
2021,Q4,Yolo,1427,224,0.15697266993693
2021,Q4,Yuba,427,41,0.0960187353629976
2022,Q1,Alameda,13525,4206,0.310979667282809
2022,Q1,Alpine,9,0,0.0
2022,Q1,Amador,243,20,0.0823045267489712
2022,Q1,Butte,1203,92,0.0764754779717373
2022,Q1,Calaveras,364,36,0.0989010989010989
2022,Q1,Colusa,138,2,0.0144927536231884
2022,Q1,Contra Costa,10296,2510,0.243783993783993
2022,Q1,Del Norte,98,2,0.0204081632653061
2022,Q1,El Dorado,1629,242,0.148557397176181
2022,Q1,Fresno,6678,633,0.0947888589398023
2022,Q1,Glenn,173,8,0.0462427745664739
2022,Q1,Humboldt,647,62,0.0958268933539412
2022,Q1,Imperial,2148,57,0.026536312849162
2022,Q1,Inyo,156,9,0.0576923076923076
2022,Q1,Kern,6947,444,0.0639124802072837
2022,Q1,Kings,930,52,0.0559139784946236
2022,Q1,Lake,289,23,0.0795847750865051
2022,Q1,Lassen,122,0,0.0
2022,Q1,Los Angeles,115307,18350,0.159140381763466
2022,Q1,Madera,950,51,0.0536842105263157
2022,Q1,Marin,2775,831,0.299459459459459
2022,Q1,Mariposa,79,4,0.050632911392405
2022,Q1,Mendocino,504,38,0.0753968253968253
2022,Q1,Merced,1564,117,0.0748081841432225
2022,Q1,Modoc,41,0,0.0
2022,Q1,Mono,89,5,0.0561797752808988
2022,Q1,Monterey,2729,376,0.137779406375961
2022,Q1,Napa,1165,238,0.204291845493562
2022,Q1,Nevada,639,85,0.133020344287949
2022,Q1,Orange,40917,9421,0.230246596769069
2022,Q1,Out Of State,16999,325,0.0191187716924524
2022,Q1,Placer,4272,763,0.178604868913857
2022,Q1,Plumas,101,7,0.0693069306930693
2022,Q1,Riverside,25394,3340,0.131527132393478
2022,Q1,Sacramento,11683,1696,0.145168193101087
2022,Q1,San Benito,530,96,0.181132075471698
2022,Q1,San Bernardino,21221,2465,0.116158522218557
2022,Q1,San Diego,34811,5872,0.168682313061963
2022,Q1,San Francisco,6265,1716,0.27390263367917
2022,Q1,San Joaquin,6181,922,0.149166801488432
2022,Q1,San Luis Obispo,2135,307,0.143793911007025
2022,Q1,San Mateo,11664,4217,0.361539780521262
2022,Q1,Santa Barbara,3398,488,0.143613890523837
2022,Q1,Santa Clara,18419,6248,0.339214941093436
2022,Q1,Santa Cruz,1769,361,0.204070096099491
2022,Q1,Shasta,1227,89,0.0725346373268133
2022,Q1,Sierra,12,0,0.0
2022,Q1,Siskiyou,190,7,0.0368421052631578
2022,Q1,Solano,3523,486,0.137950610275333
2022,Q1,Sonoma,3811,655,0.171870900026239
2022,Q1,Stanislaus,3838,338,0.0880667014069828
2022,Q1,Sutter,752,53,0.0704787234042553
2022,Q1,Tehama,330,9,0.0272727272727272
2022,Q1,Trinity,50,4,0.08
2022,Q1,Tulare,3027,146,0.0482325735051205
2022,Q1,Tuolumne,356,25,0.0702247191011236
2022,Q1,Ventura,8440,1609,0.19063981042654
2022,Q1,Yolo,1459,254,0.174091843728581
2022,Q1,Yuba,472,42,0.0889830508474576
2022,Q2,Alameda,13075,3986,0.304856596558317
2022,Q2,Alpine,12,2,0.166666666666666
2022,Q2,Amador,220,18,0.0818181818181818
2022,Q2,Butte,1182,91,0.0769881556683587
2022,Q2,Calaveras,342,41,0.119883040935672
2022,Q2,Colusa,147,11,0.0748299319727891
2022,Q2,Contra Costa,9871,2474,0.250633167865464
2022,Q2,Del Norte,92,4,0.0434782608695652
2022,Q2,El Dorado,1604,311,0.193890274314214
2022,Q2,Fresno,6551,737,0.112501908105632
2022,Q2,Glenn,210,5,0.0238095238095238
2022,Q2,Humboldt,589,66,0.112054329371816
2022,Q2,Imperial,1994,61,0.0305917753259779
2022,Q2,Inyo,129,7,0.0542635658914728
2022,Q2,Kern,7016,502,0.0715507411630558
2022,Q2,Kings,939,67,0.0713525026624068
2022,Q2,Lake,297,13,0.0437710437710437
2022,Q2,Lassen,114,5,0.043859649122807
2022,Q2,Los Angeles,113817,20264,0.178040187318238
2022,Q2,Madera,906,87,0.0960264900662251
2022,Q2,Marin,2655,839,0.316007532956685
2022,Q2,Mariposa,102,8,0.0784313725490196
2022,Q2,Mendocino,489,51,0.104294478527607
2022,Q2,Merced,1521,144,0.0946745562130177
2022,Q2,Modoc,33,0,0.0
2022,Q2,Mono,100,12,0.12
2022,Q2,Monterey,2730,359,0.131501831501831
2022,Q2,Napa,1124,230,0.204626334519572
2022,Q2,Nevada,609,97,0.15927750410509
2022,Q2,Orange,39130,8615,0.220163557372859
2022,Q2,Out Of State,23067,727,0.0315168855941388
2022,Q2,Placer,4118,817,0.198397280233122
2022,Q2,Plumas,91,4,0.0439560439560439
2022,Q2,Riverside,25073,3257,0.129900689985243
2022,Q2,Sacramento,11284,1832,0.162353775257001
2022,Q2,San Benito,576,98,0.170138888888888
2022,Q2,San Bernardino,21135,2528,0.119612017979654
2022,Q2,San Diego,34544,6273,0.181594488188976
2022,Q2,San Francisco,5790,1684,0.290846286701209
2022,Q2,San Joaquin,5837,917,0.157101250642453
2022,Q2,San Luis Obispo,2075,384,0.185060240963855
2022,Q2,San Mateo,10911,2935,0.268994592612959
2022,Q2,Santa Barbara,3424,468,0.136682242990654
2022,Q2,Santa Clara,19149,6172,0.322314481173951
2022,Q2,Santa Cruz,1607,348,0.216552582451773
2022,Q2,Shasta,1136,91,0.0801056338028169
2022,Q2,Sierra,14,2,0.142857142857142
2022,Q2,Siskiyou,222,13,0.0585585585585585
2022,Q2,Solano,3366,536,0.1592394533571
2022,Q2,Sonoma,3806,621,0.163163426169206
2022,Q2,Stanislaus,3469,366,0.105505909484001
2022,Q2,Sutter,690,74,0.107246376811594
2022,Q2,Tehama,297,16,0.0538720538720538
2022,Q2,Trinity,42,2,0.0476190476190476
2022,Q2,Tulare,2884,185,0.0641470180305131
2022,Q2,Tuolumne,301,31,0.102990033222591
2022,Q2,Ventura,8351,1655,0.198179858699556
2022,Q2,Yolo,1394,261,0.187230989956958
2022,Q2,Yuba,521,39,0.0748560460652591
2022,Q3,Alameda,12960,4212,0.325
2022,Q3,Alpine,14,2,0.142857142857142
2022,Q3,Amador,228,30,0.131578947368421
2022,Q3,Butte,1074,104,0.0968342644320297
2022,Q3,Calaveras,291,25,0.0859106529209622
2022,Q3,Colusa,129,6,0.0465116279069767
2022,Q3,Contra Costa,9855,2693,0.273262303399289
2022,Q3,Del Norte,86,1,0.0116279069767441
2022,Q3,El Dorado,1493,279,0.186872069658405
2022,Q3,Fresno,6377,719,0.112748941508546
2022,Q3,Glenn,164,10,0.0609756097560975
2022,Q3,Humboldt,572,81,0.141608391608391
2022,Q3,Imperial,1948,79,0.0405544147843942
2022,Q3,Inyo,144,14,0.0972222222222222
2022,Q3,Kern,6654,555,0.0834084761045987
2022,Q3,Kings,917,57,0.0621592148309705
2022,Q3,Lake,253,28,0.110671936758893
2022,Q3,Lassen,113,3,0.0265486725663716
2022,Q3,Los Angeles,100926,20143,0.199581871866516
2022,Q3,Madera,934,70,0.0749464668094218
2022,Q3,Marin,2353,821,0.348916277093072
2022,Q3,Mariposa,68,6,0.088235294117647
2022,Q3,Mendocino,444,45,0.101351351351351
2022,Q3,Merced,1401,125,0.0892219842969307
2022,Q3,Modoc,26,0,0.0
2022,Q3,Mono,103,7,0.0679611650485436
2022,Q3,Monterey,2645,374,0.141398865784499
2022,Q3,Napa,1057,223,0.210974456007568
2022,Q3,Nevada,592,104,0.175675675675675
2022,Q3,Orange,37955,9368,0.246818600974838
2022,Q3,Out Of State,18574,747,0.0402175083449983
2022,Q3,Placer,3926,846,0.215486500254712
2022,Q3,Plumas,81,3,0.037037037037037
2022,Q3,Riverside,23874,3535,0.14806902906928
2022,Q3,Sacramento,10257,1892,0.184459393584868
2022,Q3,San Benito,534,112,0.209737827715355
2022,Q3,San Bernardino,20255,2856,0.14100222167366
2022,Q3,San Diego,32304,6848,0.21198613174839
2022,Q3,San Francisco,6574,1604,0.243991481594158
2022,Q3,San Joaquin,5819,976,0.167726413473105
2022,Q3,San Luis Obispo,1967,358,0.182003050330452
2022,Q3,San Mateo,9780,3758,0.384253578732106
2022,Q3,Santa Barbara,3273,557,0.170180262755881
2022,Q3,Santa Clara,18895,6891,0.364699655993649
2022,Q3,Santa Cruz,1548,360,0.232558139534883
2022,Q3,Shasta,1050,96,0.0914285714285714
2022,Q3,Sierra,17,2,0.117647058823529
2022,Q3,Siskiyou,189,17,0.0899470899470899
2022,Q3,Solano,3204,593,0.185081148564294
2022,Q3,Sonoma,3650,711,0.194794520547945
2022,Q3,Stanislaus,3467,351,0.1012402653591
2022,Q3,Sutter,689,66,0.0957910014513788
2022,Q3,Tehama,288,16,0.0555555555555555
2022,Q3,Trinity,38,1,0.0263157894736842
2022,Q3,Tulare,2815,185,0.0657193605683836
2022,Q3,Tuolumne,309,31,0.100323624595469
2022,Q3,Ventura,7644,1675,0.219126111983254
2022,Q3,Yolo,1413,277,0.196036801132342
2022,Q3,Yuba,434,46,0.105990783410138
2022,Q4,Alameda,14626,5306,0.362778613428141
2022,Q4,Alpine,7,3,0.428571428571428
2022,Q4,Amador,222,18,0.081081081081081
2022,Q4,Butte,1169,120,0.102651839178785
2022,Q4,Calaveras,320,26,0.08125
2022,Q4,Colusa,168,9,0.0535714285714285
2022,Q4,Contra Costa,10820,3460,0.319778188539741
2022,Q4,Del Norte,88,4,0.0454545454545454
2022,Q4,El Dorado,1615,350,0.216718266253869
2022,Q4,Fresno,6427,798,0.1241636844562
2022,Q4,Glenn,162,7,0.0432098765432098
2022,Q4,Humboldt,673,91,0.13521545319465
2022,Q4,Imperial,1888,67,0.0354872881355932
2022,Q4,Inyo,146,17,0.116438356164383
2022,Q4,Kern,6943,594,0.0855537951893994
2022,Q4,Kings,886,58,0.0654627539503386
2022,Q4,Lake,289,27,0.0934256055363321
2022,Q4,Lassen,104,5,0.048076923076923
2022,Q4,Los Angeles,111116,25421,0.228778933726916
2022,Q4,Madera,887,96,0.108229988726042
2022,Q4,Marin,2808,1071,0.381410256410256
2022,Q4,Mariposa,90,15,0.166666666666666
2022,Q4,Mendocino,481,63,0.13097713097713
2022,Q4,Merced,1398,143,0.102288984263233
2022,Q4,Modoc,27,1,0.037037037037037
2022,Q4,Mono,99,17,0.171717171717171
2022,Q4,Monterey,2731,462,0.169168802636396
2022,Q4,Napa,1190,289,0.242857142857142
2022,Q4,Nevada,643,138,0.21461897356143
2022,Q4,Orange,41586,11303,0.271798201317751
2022,Q4,Out Of State,17627,626,0.0355137005729846
2022,Q4,Placer,4382,1032,0.235508900045641
2022,Q4,Plumas,80,6,0.075
2022,Q4,Riverside,24385,3809,0.156202583555464
2022,Q4,Sacramento,11327,2845,0.251169771342809
2022,Q4,San Benito,555,105,0.189189189189189
2022,Q4,San Bernardino,20688,3245,0.156854215003866
2022,Q4,San Diego,33778,7758,0.229676120551838
2022,Q4,San Francisco,6244,2129,0.34096732863549
2022,Q4,San Joaquin,6113,1254,0.205136594143628
2022,Q4,San Luis Obispo,2167,472,0.217812644208583
2022,Q4,San Mateo,10099,3714,0.367759184077631
2022,Q4,Santa Barbara,3440,669,0.194476744186046
2022,Q4,Santa Clara,20590,7941,0.385672656629431
2022,Q4,Santa Cruz,1733,475,0.274091171379111
2022,Q4,Shasta,1182,111,0.0939086294416243
2022,Q4,Sierra,17,0,0.0
2022,Q4,Siskiyou,235,20,0.0851063829787234
2022,Q4,Solano,3544,647,0.182562076749435
2022,Q4,Sonoma,4154,951,0.228935965334617
2022,Q4,Stanislaus,3455,395,0.114327062228654
2022,Q4,Sutter,698,84,0.120343839541547
2022,Q4,Tehama,285,27,0.0947368421052631
2022,Q4,Trinity,45,2,0.0444444444444444
2022,Q4,Tulare,2736,198,0.0723684210526315
2022,Q4,Tuolumne,323,34,0.105263157894736
2022,Q4,Ventura,8233,1842,0.223733754403012
2022,Q4,Yolo,1557,352,0.226075786769428
2022,Q4,Yuba,462,55,0.119047619047619
2023,Q1,Alameda,16640,7089,0.426021634615384
2023,Q1,Alpine,10,5,0.5
2023,Q1,Amador,262,33,0.125954198473282
2023,Q1,Butte,1280,142,0.1109375
2023,Q1,Calaveras,340,43,0.126470588235294
2023,Q1,Colusa,135,4,0.0296296296296296
2023,Q1,Contra Costa,11513,3603,0.312950577607921
2023,Q1,Del Norte,121,6,0.0495867768595041
2023,Q1,El Dorado,1644,325,0.197688564476885
2023,Q1,Fresno,6674,804,0.120467485765657
2023,Q1,Glenn,167,10,0.059880239520958
2023,Q1,Humboldt,648,100,0.15432098765432
2023,Q1,Imperial,1995,94,0.0471177944862155
2023,Q1,Inyo,161,9,0.0559006211180124
2023,Q1,Kern,6642,639,0.0962059620596205
2023,Q1,Kings,946,58,0.0613107822410148
2023,Q1,Lake,283,31,0.109540636042402
2023,Q1,Lassen,110,6,0.0545454545454545
2023,Q1,Los Angeles,126012,29186,0.231612862267085
2023,Q1,Madera,917,84,0.0916030534351145
2023,Q1,Marin,2872,1051,0.365947075208913
2023,Q1,Mariposa,74,9,0.121621621621621
2023,Q1,Mendocino,449,63,0.140311804008908
2023,Q1,Merced,1496,136,0.0909090909090909
2023,Q1,Modoc,38,1,0.0263157894736842
2023,Q1,Mono,94,14,0.148936170212765
2023,Q1,Monterey,2776,481,0.173270893371757
2023,Q1,Napa,1201,282,0.234804329725228
2023,Q1,Nevada,622,108,0.173633440514469
2023,Q1,Orange,44531,12418,0.278861916417776
2023,Q1,Out Of State,22260,1016,0.0456424079065588
2023,Q1,Placer,4299,881,0.204931379390555
2023,Q1,Plumas,66,4,0.0606060606060606
2023,Q1,Riverside,25550,3832,0.149980430528375
2023,Q1,Sacramento,11781,2549,0.216365334012392
2023,Q1,San Benito,472,75,0.158898305084745
2023,Q1,San Bernardino,21426,3055,0.142583776719873
2023,Q1,San Diego,36942,9136,0.247306588706621
2023,Q1,San Francisco,6585,2218,0.336826119969627
2023,Q1,San Joaquin,6463,1440,0.222806746093145
2023,Q1,San Luis Obispo,2195,505,0.23006833712984
2023,Q1,San Mateo,13766,4637,0.336844399244515
2023,Q1,Santa Barbara,3534,694,0.19637804187889
2023,Q1,Santa Clara,22426,9702,0.432622848479443
2023,Q1,Santa Cruz,1860,484,0.26021505376344
2023,Q1,Shasta,1191,114,0.0957178841309823
2023,Q1,Sierra,17,0,0.0
2023,Q1,Siskiyou,206,11,0.0533980582524271
2023,Q1,Solano,3671,642,0.174884227730863
2023,Q1,Sonoma,4191,905,0.215938916726318
2023,Q1,Stanislaus,3510,396,0.112820512820512
2023,Q1,Sutter,698,72,0.103151862464183
2023,Q1,Tehama,293,17,0.0580204778156996
2023,Q1,Trinity,52,5,0.0961538461538461
2023,Q1,Tulare,2830,183,0.0646643109540636
2023,Q1,Tuolumne,331,47,0.141993957703927
2023,Q1,Ventura,8886,1965,0.221134368669817
2023,Q1,Yolo,1588,366,0.230478589420654
2023,Q1,Yuba,451,41,0.0909090909090909
2023,Q2,Alameda,16586,6524,0.393343783914144
2023,Q2,Alpine,7,0,0.0
2023,Q2,Amador,260,32,0.123076923076923
2023,Q2,Butte,1261,151,0.119746233148295
2023,Q2,Calaveras,347,37,0.106628242074927
2023,Q2,Colusa,148,8,0.054054054054054
2023,Q2,Contra Costa,12434,4186,0.336657551873894
2023,Q2,Del Norte,126,11,0.0873015873015873
2023,Q2,El Dorado,1819,396,0.217702034084661
2023,Q2,Fresno,7298,1074,0.147163606467525
2023,Q2,Glenn,155,8,0.0516129032258064
2023,Q2,Humboldt,694,96,0.138328530259366
2023,Q2,Imperial,2323,103,0.0443392165303486
2023,Q2,Inyo,171,11,0.0643274853801169
2023,Q2,Kern,7248,761,0.104994481236203
2023,Q2,Kings,1045,90,0.0861244019138756
2023,Q2,Lake,280,40,0.142857142857142
2023,Q2,Lassen,105,6,0.0571428571428571
2023,Q2,Los Angeles,130609,33049,0.253037692655176
2023,Q2,Madera,989,122,0.123356926188068
2023,Q2,Marin,3042,1155,0.379684418145956
2023,Q2,Mariposa,108,8,0.074074074074074
2023,Q2,Mendocino,516,76,0.147286821705426
2023,Q2,Merced,1632,218,0.133578431372549
2023,Q2,Modoc,41,0,0.0
2023,Q2,Mono,102,16,0.156862745098039
2023,Q2,Monterey,2995,521,0.173956594323873
2023,Q2,Napa,1301,327,0.251345119139123
2023,Q2,Nevada,680,131,0.192647058823529
2023,Q2,Orange,48290,15481,0.320583971836819
2023,Q2,Out Of State,29442,1178,0.040010868826846
2023,Q2,Placer,4779,1249,0.261351747227453
2023,Q2,Plumas,98,7,0.0714285714285714
2023,Q2,Riverside,27906,5666,0.203038773023722
2023,Q2,Sacramento,12987,3506,0.269962269962269
2023,Q2,San Benito,575,130,0.226086956521739
2023,Q2,San Bernardino,23446,4697,0.200332679348289
2023,Q2,San Diego,38818,10696,0.275542274202689
2023,Q2,San Francisco,7616,3139,0.412158613445378
2023,Q2,San Joaquin,7259,1916,0.263948202231712
2023,Q2,San Luis Obispo,2175,506,0.232643678160919
2023,Q2,San Mateo,15747,3914,0.248555280370864
2023,Q2,Santa Barbara,3663,743,0.202839202839202
2023,Q2,Santa Clara,23416,10029,0.42829689101469
2023,Q2,Santa Cruz,1861,497,0.267060720042987
2023,Q2,Shasta,1245,106,0.0851405622489959
2023,Q2,Sierra,16,1,0.0625
2023,Q2,Siskiyou,253,19,0.075098814229249
2023,Q2,Solano,4207,982,0.23342048966009
2023,Q2,Sonoma,4201,1078,0.256605570102356
2023,Q2,Stanislaus,3839,530,0.138056785621255
2023,Q2,Sutter,682,81,0.118768328445747
2023,Q2,Tehama,329,28,0.0851063829787234
2023,Q2,Trinity,49,3,0.0612244897959183
2023,Q2,Tulare,3160,257,0.0813291139240506
2023,Q2,Tuolumne,353,39,0.110481586402266
2023,Q2,Ventura,9956,2612,0.262354359180393
2023,Q2,Yolo,1877,472,0.251465103889184
2023,Q2,Yuba,488,57,0.116803278688524
2023,Q3,Alameda,16183,6540,0.404127788419946
2023,Q3,Alpine,5,2,0.4
2023,Q3,Amador,251,23,0.0916334661354581
2023,Q3,Butte,1163,147,0.12639724849527
2023,Q3,Calaveras,345,45,0.130434782608695
2023,Q3,Colusa,136,11,0.0808823529411764
2023,Q3,Contra Costa,11847,3898,0.329028446020089
2023,Q3,Del Norte,96,8,0.0833333333333333
2023,Q3,El Dorado,1716,377,0.219696969696969
2023,Q3,Fresno,7191,1170,0.16270337922403
2023,Q3,Glenn,162,12,0.074074074074074
2023,Q3,Humboldt,626,87,0.138977635782747
2023,Q3,Imperial,2240,130,0.0580357142857142
2023,Q3,Inyo,160,19,0.11875
2023,Q3,Kern,6865,811,0.118135469774217
2023,Q3,Kings,991,86,0.0867810292633703
2023,Q3,Lake,289,36,0.124567474048442
2023,Q3,Lassen,99,3,0.0303030303030303
2023,Q3,Los Angeles,119033,33472,0.28119933127788
2023,Q3,Madera,911,155,0.170142700329308
2023,Q3,Marin,2885,1099,0.380935875216637
2023,Q3,Mariposa,81,15,0.185185185185185
2023,Q3,Mendocino,479,76,0.15866388308977
2023,Q3,Merced,1527,217,0.14210870988867
2023,Q3,Modoc,46,0,0.0
2023,Q3,Mono,99,11,0.111111111111111
2023,Q3,Monterey,3050,583,0.191147540983606
2023,Q3,Napa,1191,305,0.256087321578505
2023,Q3,Nevada,690,145,0.210144927536231
2023,Q3,Orange,45547,14252,0.312907546051331
2023,Q3,Out Of State,24578,2703,0.109976401660021
2023,Q3,Placer,4714,1288,0.273228680526092
2023,Q3,Plumas,102,11,0.107843137254901
2023,Q3,Riverside,26851,5440,0.202599530743733
2023,Q3,Sacramento,12479,3352,0.268611266928439
2023,Q3,San Benito,580,118,0.203448275862068
2023,Q3,San Bernardino,22626,4387,0.193891982674798
2023,Q3,San Diego,36815,9813,0.266548961021322
2023,Q3,San Francisco,7095,2877,0.405496828752642
2023,Q3,San Joaquin,6736,1693,0.251336104513064
2023,Q3,San Luis Obispo,2200,536,0.243636363636363
2023,Q3,San Mateo,12039,4818,0.400199352105656
2023,Q3,Santa Barbara,3534,814,0.230333899264289
2023,Q3,Santa Clara,23775,10275,0.432176656151419
2023,Q3,Santa Cruz,2031,571,0.281142294436238
2023,Q3,Shasta,1188,136,0.114478114478114
2023,Q3,Sierra,16,1,0.0625
2023,Q3,Siskiyou,236,16,0.0677966101694915
2023,Q3,Solano,3939,884,0.224422442244224
2023,Q3,Sonoma,3966,1011,0.254916792738275
2023,Q3,Stanislaus,3728,620,0.166309012875536
2023,Q3,Sutter,688,87,0.126453488372093
2023,Q3,Tehama,355,41,0.115492957746478
2023,Q3,Trinity,48,6,0.125
2023,Q3,Tulare,2988,308,0.103078982597054
2023,Q3,Tuolumne,304,38,0.125
2023,Q3,Ventura,9540,2396,0.251153039832285
2023,Q3,Yolo,1891,467,0.246959280803807
2023,Q3,Yuba,452,71,0.157079646017699
2023,Q4,Alameda,14238,5137,0.360795055485321
2023,Q4,Alpine,8,0,0.0
2023,Q4,Amador,227,23,0.101321585903083
2023,Q4,Butte,1155,140,0.121212121212121
2023,Q4,Calaveras,318,38,0.119496855345911
2023,Q4,Colusa,126,5,0.0396825396825396
2023,Q4,Contra Costa,10893,3475,0.319012209675938
2023,Q4,Del Norte,97,6,0.0618556701030927
2023,Q4,El Dorado,1665,374,0.224624624624624
2023,Q4,Fresno,6262,921,0.147077610986905
2023,Q4,Glenn,146,10,0.0684931506849315
2023,Q4,Humboldt,577,80,0.138648180242634
2023,Q4,Imperial,1981,102,0.0514891468955073
2023,Q4,Inyo,156,8,0.0512820512820512
2023,Q4,Kern,6202,706,0.113834247017091
2023,Q4,Kings,859,80,0.0931315483119906
2023,Q4,Lake,296,39,0.131756756756756
2023,Q4,Lassen,99,7,0.0707070707070707
2023,Q4,Los Angeles,116724,29489,0.252638703265823
2023,Q4,Madera,843,90,0.106761565836298
2023,Q4,Marin,2922,1111,0.38021902806297
2023,Q4,Mariposa,82,8,0.0975609756097561
2023,Q4,Mendocino,443,69,0.155756207674943
2023,Q4,Merced,1368,163,0.119152046783625
2023,Q4,Modoc,35,2,0.0571428571428571
2023,Q4,Mono,120,13,0.108333333333333
2023,Q4,Monterey,2851,493,0.172921781830936
2023,Q4,Napa,1271,384,0.302124311565696
2023,Q4,Nevada,645,135,0.209302325581395
2023,Q4,Orange,42134,12366,0.293492191579247
2023,Q4,Out Of State,23090,2919,0.126418362927674
2023,Q4,Placer,4327,1097,0.253524381788768
2023,Q4,Plumas,108,10,0.0925925925925925
2023,Q4,Riverside,25021,4981,0.199072778865752
2023,Q4,Sacramento,11347,2711,0.238917775623512
2023,Q4,San Benito,525,113,0.215238095238095
2023,Q4,San Bernardino,20838,3882,0.186294270083501
2023,Q4,San Diego,34998,8829,0.252271558374764
2023,Q4,San Francisco,6156,2044,0.332033788174139
2023,Q4,San Joaquin,5952,1310,0.220094086021505
2023,Q4,San Luis Obispo,2240,555,0.247767857142857
2023,Q4,San Mateo,9098,3034,0.333479885689162
2023,Q4,Santa Barbara,3417,776,0.227099795141937
2023,Q4,Santa Clara,20815,8332,0.400288253663223
2023,Q4,Santa Cruz,1786,496,0.277715565509518
2023,Q4,Shasta,1075,121,0.112558139534883
2023,Q4,Sierra,11,1,0.0909090909090909
2023,Q4,Siskiyou,224,16,0.0714285714285714
2023,Q4,Solano,3568,842,0.235986547085201
2023,Q4,Sonoma,3877,1035,0.26695898890895
2023,Q4,Stanislaus,3201,493,0.154014370509215
2023,Q4,Sutter,592,74,0.125
2023,Q4,Tehama,319,24,0.0752351097178683
2023,Q4,Trinity,55,2,0.0363636363636363
2023,Q4,Tulare,2677,238,0.0889054912215166
2023,Q4,Tuolumne,321,52,0.161993769470404
2023,Q4,Ventura,8950,2266,0.253184357541899
2023,Q4,Yolo,1677,373,0.22242098986285
2023,Q4,Yuba,409,68,0.166259168704156
2024,Q1,Alameda,15637,5987,0.382873952804246
2024,Q1,Alpine,11,1,0.0909090909090909
2024,Q1,Amador,213,27,0.126760563380281
2024,Q1,Butte,1154,140,0.121317157712305
2024,Q1,Calaveras,311,43,0.138263665594855
2024,Q1,Colusa,133,8,0.0601503759398496
2024,Q1,Contra Costa,11563,3632,0.31410533598547
2024,Q1,Del Norte,97,7,0.0721649484536082
2024,Q1,El Dorado,1664,368,0.221153846153846
2024,Q1,Fresno,6383,851,0.133322888923703
2024,Q1,Glenn,151,10,0.0662251655629139
2024,Q1,Humboldt,605,78,0.12892561983471
2024,Q1,Imperial,2060,106,0.0514563106796116
2024,Q1,Inyo,125,14,0.112
2024,Q1,Kern,6152,682,0.110858257477243
2024,Q1,Kings,902,80,0.0886917960088691
2024,Q1,Lake,251,27,0.107569721115537
2024,Q1,Lassen,76,4,0.0526315789473684
2024,Q1,Los Angeles,128817,32092,0.249128608801633
2024,Q1,Madera,809,98,0.121137206427688
2024,Q1,Marin,3257,1298,0.398526251151366
2024,Q1,Mariposa,60,6,0.1
2024,Q1,Mendocino,430,71,0.165116279069767
2024,Q1,Merced,1363,143,0.104915627292736
2024,Q1,Modoc,39,3,0.0769230769230769
2024,Q1,Mono,101,11,0.108910891089108
2024,Q1,Monterey,2966,528,0.178017532029669
2024,Q1,Napa,1229,313,0.254678600488201
2024,Q1,Nevada,608,128,0.210526315789473
2024,Q1,Orange,45173,13100,0.289996236690058
2024,Q1,Out Of State,30700,2436,0.0793485342019544
2024,Q1,Placer,4688,1279,0.272824232081911
2024,Q1,Plumas,103,2,0.0194174757281553
2024,Q1,Riverside,26419,5218,0.197509368257693
2024,Q1,Sacramento,11667,2874,0.2463358189766
2024,Q1,San Benito,570,107,0.187719298245614
2024,Q1,San Bernardino,21100,3857,0.182796208530805
2024,Q1,San Diego,37902,9632,0.254129069706084
2024,Q1,San Francisco,6885,2410,0.350036310820624
2024,Q1,San Joaquin,6031,1234,0.204609517492953
2024,Q1,San Luis Obispo,2270,507,0.223348017621145
2024,Q1,San Mateo,13162,3147,0.239097401610697
2024,Q1,Santa Barbara,3577,746,0.208554654738607
2024,Q1,Santa Clara,22676,9350,0.412330216969483
2024,Q1,Santa Cruz,1930,504,0.261139896373057
2024,Q1,Shasta,1076,114,0.105947955390334
2024,Q1,Sierra,15,1,0.0666666666666666
2024,Q1,Siskiyou,196,10,0.0510204081632653
2024,Q1,Solano,3547,740,0.20862700873978
2024,Q1,Sonoma,3994,1012,0.253380070105157
2024,Q1,Stanislaus,3141,385,0.122572429162687
2024,Q1,Sutter,669,81,0.121076233183856
2024,Q1,Tehama,287,19,0.0662020905923344
2024,Q1,Trinity,57,4,0.0701754385964912
2024,Q1,Tulare,2823,226,0.0800566772936592
2024,Q1,Tuolumne,325,42,0.129230769230769
2024,Q1,Ventura,9882,2480,0.250961343857518
2024,Q1,Yolo,1972,517,0.262170385395537
2024,Q1,Yuba,369,53,0.143631436314363
2024,Q2,Alameda,14935,5760,0.385671242048878
2024,Q2,Alpine,10,4,0.4
2024,Q2,Amador,248,37,0.149193548387096
2024,Q2,Butte,1161,122,0.105081826012058
2024,Q2,Calaveras,327,51,0.155963302752293
2024,Q2,Colusa,162,8,0.0493827160493827
2024,Q2,Contra Costa,11496,3962,0.344641614474599
2024,Q2,Del Norte,138,11,0.0797101449275362
2024,Q2,El Dorado,1760,431,0.244886363636363
2024,Q2,Fresno,6408,953,0.148720349563046
2024,Q2,Glenn,171,7,0.0409356725146198
2024,Q2,Humboldt,621,99,0.159420289855072
2024,Q2,Imperial,2479,126,0.0508269463493344
2024,Q2,Inyo,143,14,0.0979020979020979
2024,Q2,Kern,6905,784,0.113540912382331
2024,Q2,Kings,915,81,0.0885245901639344
2024,Q2,Lake,273,33,0.12087912087912
2024,Q2,Lassen,99,3,0.0303030303030303
2024,Q2,Los Angeles,125559,33874,0.269785519158324
2024,Q2,Madera,917,124,0.135223555070883
2024,Q2,Marin,2991,1232,0.41190237378803
2024,Q2,Mariposa,85,15,0.176470588235294
2024,Q2,Mendocino,436,56,0.128440366972477
2024,Q2,Merced,1437,160,0.11134307585247
2024,Q2,Modoc,28,0,0.0
2024,Q2,Mono,87,7,0.0804597701149425
2024,Q2,Monterey,2911,554,0.190312607351425
2024,Q2,Napa,1216,339,0.278782894736842
2024,Q2,Nevada,572,123,0.215034965034965
2024,Q2,Orange,45847,14865,0.324230593059524
2024,Q2,Out Of State,37808,3913,0.103496614473127
2024,Q2,Placer,4784,1423,0.297449832775919
2024,Q2,Plumas,96,11,0.114583333333333
2024,Q2,Riverside,27797,5997,0.215742706047415
2024,Q2,Sacramento,12352,3465,0.280521373056994
2024,Q2,San Benito,567,116,0.204585537918871
2024,Q2,San Bernardino,22662,4539,0.200291236431029
2024,Q2,San Diego,38224,10243,0.267973001255755
2024,Q2,San Francisco,6414,2277,0.355004677268475
2024,Q2,San Joaquin,6485,1522,0.234695451040863
2024,Q2,San Luis Obispo,2191,480,0.219078046554084
2024,Q2,San Mateo,15324,3804,0.248238057948316
2024,Q2,Santa Barbara,3426,758,0.221249270286047
2024,Q2,Santa Clara,22154,9543,0.430757425295657
2024,Q2,Santa Cruz,1830,477,0.260655737704918
2024,Q2,Shasta,1104,118,0.106884057971014
2024,Q2,Sierra,20,2,0.1
2024,Q2,Siskiyou,228,25,0.109649122807017
2024,Q2,Solano,3948,933,0.236322188449848
2024,Q2,Sonoma,3942,1005,0.254946727549467
2024,Q2,Stanislaus,3580,571,0.15949720670391
2024,Q2,Sutter,666,82,0.123123123123123
2024,Q2,Tehama,310,23,0.0741935483870967
2024,Q2,Trinity,55,8,0.145454545454545
2024,Q2,Tulare,2701,267,0.0988522769344687
2024,Q2,Tuolumne,318,42,0.132075471698113
2024,Q2,Ventura,9844,2506,0.254571312474603
2024,Q2,Yolo,1618,403,0.249072929542645
2024,Q2,Yuba,463,85,0.183585313174946
2024,Q3,Alameda,15067,5556,0.36875290369682
2024,Q3,Alpine,15,1,0.0666666666666666
2024,Q3,Amador,247,37,0.149797570850202
2024,Q3,Butte,1119,122,0.109025915996425
2024,Q3,Calaveras,313,55,0.175718849840255
2024,Q3,Colusa,151,9,0.0596026490066225
2024,Q3,Contra Costa,11668,3773,0.323363044223517
2024,Q3,Del Norte,99,15,0.151515151515151
2024,Q3,El Dorado,1734,409,0.235870818915801
2024,Q3,Fresno,7233,1023,0.141435089174616
2024,Q3,Glenn,156,9,0.0576923076923076
2024,Q3,Humboldt,655,101,0.154198473282442
2024,Q3,Imperial,2626,198,0.0753998476770754
2024,Q3,Inyo,144,12,0.0833333333333333
2024,Q3,Kern,6769,875,0.129265770423991
2024,Q3,Kings,1037,90,0.0867888138862102
2024,Q3,Lake,281,32,0.113879003558718
2024,Q3,Lassen,105,3,0.0285714285714285
2024,Q3,Los Angeles,117340,33302,0.283807738196693
2024,Q3,Madera,1052,140,0.133079847908745
2024,Q3,Marin,3141,1236,0.393505253104106
2024,Q3,Mariposa,70,8,0.114285714285714
2024,Q3,Mendocino,492,74,0.15040650406504
2024,Q3,Merced,1528,219,0.143324607329842
2024,Q3,Modoc,34,1,0.0294117647058823
2024,Q3,Mono,108,11,0.101851851851851
2024,Q3,Monterey,2863,531,0.185469786936779
2024,Q3,Napa,1302,407,0.312596006144393
2024,Q3,Nevada,654,125,0.191131498470948
2024,Q3,Orange,45679,14142,0.309595218809518
2024,Q3,Out Of State,20138,1561,0.077515145496077
2024,Q3,Placer,4870,1346,0.276386036960985
2024,Q3,Plumas,114,13,0.114035087719298
2024,Q3,Riverside,27610,6021,0.218073161897863
2024,Q3,Sacramento,13026,3736,0.286810993397819
2024,Q3,San Benito,561,130,0.231729055258467
2024,Q3,San Bernardino,22955,4624,0.201437595295142
2024,Q3,San Diego,37603,10049,0.26723931601202
2024,Q3,San Francisco,6550,2378,0.363053435114503
2024,Q3,San Joaquin,6671,1482,0.22215559886074
2024,Q3,San Luis Obispo,2222,497,0.223672367236723
2024,Q3,San Mateo,12873,3206,0.249048395867319
2024,Q3,Santa Barbara,3631,832,0.229137978518314
2024,Q3,Santa Clara,24370,10637,0.436479277800574
2024,Q3,Santa Cruz,1765,480,0.271954674220963
2024,Q3,Shasta,1061,127,0.119698397737983
2024,Q3,Sierra,15,3,0.2
2024,Q3,Siskiyou,218,19,0.0871559633027523
2024,Q3,Solano,3674,890,0.242242787152966
2024,Q3,Sonoma,4014,1009,0.251370204285002
2024,Q3,Stanislaus,3615,611,0.169017980636237
2024,Q3,Sutter,723,82,0.1134163208852
2024,Q3,Tehama,293,27,0.0921501706484641
2024,Q3,Trinity,46,3,0.0652173913043478
2024,Q3,Tulare,3189,323,0.101285669488867
2024,Q3,Tuolumne,313,37,0.118210862619808
2024,Q3,Ventura,10246,2752,0.268592621510833
2024,Q3,Yolo,1829,422,0.230727173318753
2024,Q3,Yuba,490,84,0.171428571428571
